"","week_num","product_analytic_sub_category","total_gmv","total_units","no_of_orders","total_payment_cod","total_payment_prepaid","avg_sla","avg_product_mrp","avg_product_procurement_sla","avg_discount","avg_unitPrice","Total.Investment","TV","Digital","Sponsorship","Content.Marketing","Online.marketing","Affiliates","SEM","Radio","Other","spl_days","NPS"
"1",1,"CameraAccessory",15731,26,26,0,26,2.23076923076923,1412.34615384615,2.88461538461538,49.9026923076923,605.038461538462,3.86129032258065,0.0451612903225806,0.564516129032258,1.67096774193548,0,0.293548387096774,0.112903225806452,1.12903225806452,0,0,0,12.3290322580645
"2",1,"GamingAccessory",46055,32,31,1,30,3.12903225806452,3626.83870967742,3.2258064516129,29.6364516129032,1398.58064516129,3.86129032258065,0.0451612903225806,0.564516129032258,1.67096774193548,0,0.293548387096774,0.112903225806452,1.12903225806452,0,0,0,12.3290322580645
"3",1,"HomeAudio",106756,38,38,1,37,2.78947368421053,4642.47368421053,3.60526315789474,35.5594736842105,2809.36842105263,3.86129032258065,0.0451612903225806,0.564516129032258,1.67096774193548,0,0.293548387096774,0.112903225806452,1.12903225806452,0,0,0,12.3290322580645
"4",2,"CameraAccessory",4375483,3400,3252,2171,1081,7.20141451414514,2412.35270602706,2.81426814268143,43.8265836408364,1327.78351783518,3.86129032258065,0.0451612903225806,0.564516129032258,1.67096774193548,0,0.293548387096774,0.112903225806452,1.12903225806452,0,0,0,12.3290322580645
"5",2,"GamingAccessory",2791376,3178,3018,2252,766,5.64744864148443,1915.33267064281,3.34559310801856,40.6145129224652,891.537110669317,3.86129032258065,0.0451612903225806,0.564516129032258,1.67096774193548,0,0.293548387096774,0.112903225806452,1.12903225806452,0,0,0,12.3290322580645
"6",2,"HomeAudio",5239234.1330905,2459,2434,1853,581,7.66392769104355,3356.77814297453,2.84880854560394,31.3732374691865,2140.02634884573,3.86129032258065,0.0451612903225806,0.564516129032258,1.67096774193548,0,0.293548387096774,0.112903225806452,1.12903225806452,0,0,0,12.3290322580645
"7",3,"CameraAccessory",4302042,3194,3097,2042,1055,6.23377462060058,2412.89279948337,2.83952211817888,43.9479980626413,1371.60865353568,3.86129032258065,0.0451612903225806,0.564516129032258,1.67096774193548,0,0.293548387096774,0.112903225806452,1.12903225806452,0,0,1,12.3290322580645
"8",3,"GamingAccessory",2117190.35919791,2805,2552,1923,629,5.19866771159875,2012.85227272727,2.93965517241379,45.0721042319749,808.753667397299,3.86129032258065,0.0451612903225806,0.564516129032258,1.67096774193548,0,0.293548387096774,0.112903225806452,1.12903225806452,0,0,1,12.3290322580645
"9",3,"HomeAudio",5348673,2423,2403,1841,562,6.94798168955472,3555.80524344569,2.81814398668331,32.2766208905535,2211.19017894299,3.86129032258065,0.0451612903225806,0.564516129032258,1.67096774193548,0,0.293548387096774,0.112903225806452,1.12903225806452,0,0,1,12.3290322580645
"10",4,"CameraAccessory",4177701,3066,2935,1997,938,6.41499148211244,2458.11754684838,2.87291311754685,43.2439250425894,1391.31584327087,3.86129032258065,0.0451612903225806,0.564516129032258,1.67096774193548,0,0.293548387096774,0.112903225806452,1.12903225806452,0,0,0,12.3290322580645
"11",4,"GamingAccessory",2346385.5,2257,2161,1682,479,5.66728366496992,2313.56085145766,2.82878297084683,38.4489079130032,1049.45164275798,3.86129032258065,0.0451612903225806,0.564516129032258,1.67096774193548,0,0.293548387096774,0.112903225806452,1.12903225806452,0,0,0,12.3290322580645
"12",4,"HomeAudio",4521229,2180,2165,1698,467,7.13487297921478,3418.12979214781,2.88036951501155,31.7482401847575,2074.42355658199,3.86129032258065,0.0451612903225806,0.564516129032258,1.67096774193548,0,0.293548387096774,0.112903225806452,1.12903225806452,0,0,0,12.3290322580645
"13",5,"CameraAccessory",2199584,1700,1622,1136,486,6.43094944512947,2348.13008631319,2.86929716399507,42.7476695437731,1333.4617755857,2.31290322580645,0.0193548387096774,0.409677419354839,0.858064516129032,0,0.138709677419355,0.0612903225806452,0.806451612903226,0,0,0,13.0258064516129
"14",5,"GamingAccessory",1427062,1400,1324,1065,259,5.84214501510574,6172.90709969789,3.61404833836858,45.3451888217523,1024.91125377643,2.31290322580645,0.0193548387096774,0.409677419354839,0.858064516129032,0,0.138709677419355,0.0612903225806452,0.806451612903226,0,0,0,13.0258064516129
"15",5,"HomeAudio",2776452,1287,1281,989,292,7.35128805620609,3506.15144418423,2.7408274785324,31.4849336455894,2161.72053083528,2.31290322580645,0.0193548387096774,0.409677419354839,0.858064516129032,0,0.138709677419355,0.0612903225806452,0.806451612903226,0,0,0,13.0258064516129
"16",6,"CameraAccessory",2897,5,5,2,3,8.4,829.6,4,3.352,579.4,1.15161290322581,0,0.293548387096774,0.248387096774194,0,0.0225806451612903,0.0225806451612903,0.564516129032258,0,0,0,13.5483870967742
"17",6,"GamingAccessory",5941,6,6,5,1,7,2109.83333333333,3,51.2916666666667,990.166666666667,1.15161290322581,0,0.293548387096774,0.248387096774194,0,0.0225806451612903,0.0225806451612903,0.564516129032258,0,0,0,13.5483870967742
"18",7,"CameraAccessory",598,2,2,2,0,6,1990,1,84.97,299,1.15161290322581,0,0.293548387096774,0.248387096774194,0,0.0225806451612903,0.0225806451612903,0.564516129032258,0,0,4,13.5483870967742
"19",7,"GamingAccessory",940,1,1,0,1,7,4999,1,81.2,940,1.15161290322581,0,0.293548387096774,0.248387096774194,0,0.0225806451612903,0.0225806451612903,0.564516129032258,0,0,4,13.5483870967742
"20",8,"GamingAccessory",1465,5,5,5,0,3.8,699,2.4,57.16,293,1.15161290322581,0,0.293548387096774,0.248387096774194,0,0.0225806451612903,0.0225806451612903,0.564516129032258,0,0,0,13.5483870967742
"21",9,"CameraAccessory",12135,23,23,17,6,8.52173913043478,879.434782608696,2.73913043478261,41.3891304347826,527.608695652174,4.19709677419355,0.13,0.298279569892473,2.30623655913978,0.02,0.566021505376344,0.186021505376344,0.690537634408602,0,0,3,13.1762365591398
"22",9,"GamingAccessory",25178,32,28,28,0,5.21428571428571,1347.21428571429,3.14285714285714,39.8914285714286,696.857142857143,4.19709677419355,0.13,0.298279569892473,2.30623655913978,0.02,0.566021505376344,0.186021505376344,0.690537634408602,0,0,3,13.1762365591398
"23",9,"HomeAudio",34568,14,14,8,6,5.42857142857143,3168.14285714286,3.14285714285714,23.2585714285714,2469.14285714286,4.19709677419355,0.13,0.298279569892473,2.30623655913978,0.02,0.566021505376344,0.186021505376344,0.690537634408602,0,0,3,13.1762365591398
"24",10,"CameraAccessory",8924313,7306,6972,4864,2108,6.57845668387837,2293.66322432588,2.88826735513483,44.3209021801492,1259.31310958118,22.47,0.91,0.326666666666667,14.6533333333333,0.14,3.82666666666667,1.16666666666667,1.44666666666667,0,0,0,10.9433333333333
"25",10,"GamingAccessory",4752657,6068,5808,4630,1178,5.34400826446281,1807.16976584022,2.96625344352617,39.3031439393939,801.213670798898,22.47,0.91,0.326666666666667,14.6533333333333,0.14,3.82666666666667,1.16666666666667,1.44666666666667,0,0,0,10.9433333333333
"26",10,"HomeAudio",8853748,4296,4272,3286,986,5.60861423220974,3613.69803370787,2.81647940074906,35.1686516853933,2061.96020599251,22.47,0.91,0.326666666666667,14.6533333333333,0.14,3.82666666666667,1.16666666666667,1.44666666666667,0,0,0,10.9433333333333
"27",11,"CameraAccessory",9394501,6969,6767,4676,2091,6.35702674745086,2538.61312250628,2.98773459435496,44.6134683020541,1374.16033692922,22.47,0.91,0.326666666666667,14.6533333333333,0.14,3.82666666666667,1.16666666666667,1.44666666666667,0,0,0,10.9433333333333
"28",11,"GamingAccessory",4389248.00168512,5159,4905,3824,1081,5.55840978593272,2003.39836901121,2.98185524974516,40.5507889908257,876.973700420328,22.47,0.91,0.326666666666667,14.6533333333333,0.14,3.82666666666667,1.16666666666667,1.44666666666667,0,0,0,10.9433333333333
"29",11,"HomeAudio",8309944,4188,4152,3264,888,5.66088631984586,3462.43352601156,2.94123314065511,34.6473603082852,1986.69460500963,22.47,0.91,0.326666666666667,14.6533333333333,0.14,3.82666666666667,1.16666666666667,1.44666666666667,0,0,0,10.9433333333333
"30",12,"CameraAccessory",9247874,6566,6330,4452,1878,6.75608214849921,2521.91279620853,2.96050552922591,44.5201232227488,1421.87361769352,22.47,0.91,0.326666666666667,14.6533333333333,0.14,3.82666666666667,1.16666666666667,1.44666666666667,0,0,0,10.9433333333333
"31",12,"GamingAccessory",4552792.00067069,4633,4461,3504,957,6.16341627437794,2803.05178211163,3.0130015691549,37.873922887245,996.414257043419,22.47,0.91,0.326666666666667,14.6533333333333,0.14,3.82666666666667,1.16666666666667,1.44666666666667,0,0,0,10.9433333333333
"32",12,"HomeAudio",7542054,3910,3862,3032,830,6.49404453650958,3219.18021750388,2.7477990678405,35.1759399274987,1936.64319005697,22.47,0.91,0.326666666666667,14.6533333333333,0.14,3.82666666666667,1.16666666666667,1.44666666666667,0,0,0,10.9433333333333
"33",13,"CameraAccessory",8826469,6861,6631,4809,1822,6.19770773638968,2606.33071934851,3.19800935002262,48.9174196953702,1314.23390137234,22.47,0.91,0.326666666666667,14.6533333333333,0.14,3.82666666666667,1.16666666666667,1.44666666666667,0,0,0,10.9433333333333
"34",13,"GamingAccessory",4800420,5334,5136,4118,1018,6.09151090342679,2678.64563862928,2.90031152647975,42.917441588785,916.793224299065,22.47,0.91,0.326666666666667,14.6533333333333,0.14,3.82666666666667,1.16666666666667,1.44666666666667,0,0,0,10.9433333333333
"35",13,"HomeAudio",8093023,4249,4223,3275,948,6.34904096613782,3206.68505801563,2.66848212171442,33.2623727208146,1906.85507932749,22.47,0.91,0.326666666666667,14.6533333333333,0.14,3.82666666666667,1.16666666666667,1.44666666666667,0,0,0,10.9433333333333
"36",14,"CameraAccessory",6535409,6970,6817,5546,1271,5.45753263899076,2227.34164588529,2.48217691066452,60.7624526917999,945.787883233094,36.151935483871,1.31064516129032,2.48537634408602,18.4868817204301,0.678064516129032,5.26924731182796,1.52150537634409,6.38086021505376,0,0,0,10.1568817204301
"37",14,"GamingAccessory",2794769,2941,2851,2381,470,5.88144510698001,2644.97053665381,3.03402314977201,39.3119431778323,954.704314275693,36.151935483871,1.31064516129032,2.48537634408602,18.4868817204301,0.678064516129032,5.26924731182796,1.52150537634409,6.38086021505376,0,0,0,10.1568817204301
"38",14,"HomeAudio",5167032,2671,2645,2064,581,6.26654064272212,3183.56635160681,2.53308128544423,33.2067296786389,1942.73043478261,36.151935483871,1.31064516129032,2.48537634408602,18.4868817204301,0.678064516129032,5.26924731182796,1.52150537634409,6.38086021505376,0,0,0,10.1568817204301
"39",15,"CameraAccessory",3917137,3194,3114,2355,759,6.35131663455363,2295.81374438022,2.84971098265896,44.8874116891458,1240.25080282595,38.4322580645161,1.37741935483871,2.84516129032258,19.1258064516129,0.767741935483871,5.50967741935484,1.58064516129032,7.20322580645161,0,0,0,10.0258064516129
"40",15,"GamingAccessory",1891583,2255,2156,1786,370,5.78942486085343,1945.09879406308,2.70871985157699,38.8632467532468,837.102968460111,38.4322580645161,1.37741935483871,2.84516129032258,19.1258064516129,0.767741935483871,5.50967741935484,1.58064516129032,7.20322580645161,0,0,0,10.0258064516129
"41",15,"HomeAudio",3752577,1952,1918,1522,396,5.99009384775808,3164.66110531804,2.67205422314911,33.6655630865485,1924.86600625652,38.4322580645161,1.37741935483871,2.84516129032258,19.1258064516129,0.767741935483871,5.50967741935484,1.58064516129032,7.20322580645161,0,0,0,10.0258064516129
"42",16,"CameraAccessory",12893219.0917416,10911,10573,7519,3054,6.39137425517828,2387.75257731959,3.08928402534758,53.0754450014187,1205.96080441978,38.4322580645161,1.37741935483871,2.84516129032258,19.1258064516129,0.767741935483871,5.50967741935484,1.58064516129032,7.20322580645161,0,0,3,10.0258064516129
"43",16,"GamingAccessory",6737182.00559182,10748,10360,8192,2168,5.31727799227799,5045.90704633205,3.77480694980695,54.2275685328185,637.026801625656,38.4322580645161,1.37741935483871,2.84516129032258,19.1258064516129,0.767741935483871,5.50967741935484,1.58064516129032,7.20322580645161,0,0,3,10.0258064516129
"44",16,"HomeAudio",19518799,8141,8064,6050,2014,5.97085813492064,4633.75768849206,2.37921626984127,41.5558172123016,2403.31634424603,38.4322580645161,1.37741935483871,2.84516129032258,19.1258064516129,0.767741935483871,5.50967741935484,1.58064516129032,7.20322580645161,0,0,3,10.0258064516129
"45",17,"CameraAccessory",4451053.00106224,3952,3804,2976,828,6.67297581493165,2065.7063617245,3.08517350157729,45.7787828601472,1149.21161944114,38.4322580645161,1.37741935483871,2.84516129032258,19.1258064516129,0.767741935483871,5.50967741935484,1.58064516129032,7.20322580645161,0,0,0,10.0258064516129
"46",17,"GamingAccessory",2219492.46197879,2794,2712,2258,454,6.2179203539823,1690.33960176991,2.70390855457227,41.6502212389381,800.3620547182,38.4322580645161,1.37741935483871,2.84516129032258,19.1258064516129,0.767741935483871,5.50967741935484,1.58064516129032,7.20322580645161,0,0,0,10.0258064516129
"47",17,"HomeAudio",5752737,2491,2456,1997,459,6.67956026058632,3954.88762214984,2.64169381107492,35.2466815960912,2317.71376221498,38.4322580645161,1.37741935483871,2.84516129032258,19.1258064516129,0.767741935483871,5.50967741935484,1.58064516129032,7.20322580645161,0,0,0,10.0258064516129
"48",18,"CameraAccessory",4963028.50044435,4216,4102,3172,930,6.77474402730375,2242.99414919551,2.83764017552413,45.9562018527548,1189.09483182548,27.0812903225806,1.20709677419355,1.7558064516129,12.3490322580645,0.458709677419355,5.10838709677419,1.56322580645161,4.63612903225807,0,0,0,10.4290322580645
"49",18,"GamingAccessory",2433884,3333,3198,2676,522,6.02626641651032,1747.73452157598,2.5,43.6722795497186,725.990056285178,27.0812903225806,1.20709677419355,1.7558064516129,12.3490322580645,0.458709677419355,5.10838709677419,1.56322580645161,4.63612903225807,0,0,0,10.4290322580645
"50",18,"HomeAudio",5970877,2839,2803,2302,501,6.48305387085266,3541.3428469497,2.56617909382804,34.5042347484838,2113.02069211559,27.0812903225806,1.20709677419355,1.7558064516129,12.3490322580645,0.458709677419355,5.10838709677419,1.56322580645161,4.63612903225807,0,0,0,10.4290322580645
"51",19,"CameraAccessory",6360472.00054277,5199,5062,3905,1157,6.21019359936784,2305.42216515211,2.93717898064006,48.1453180561043,1242.58060066037,11.9466666666667,0.98,0.303333333333333,3.31333333333333,0.0466666666666667,4.57333333333333,1.54,1.21333333333333,0,0,4,10.9666666666667
"52",19,"GamingAccessory",3272635.00115118,4414,4207,3423,784,5.29260755883052,1611.35607321131,2.720703589256,46.2157760874733,751.057927355295,11.9466666666667,0.98,0.303333333333333,3.31333333333333,0.0466666666666667,4.57333333333333,1.54,1.21333333333333,0,0,4,10.9666666666667
"53",19,"HomeAudio",8110552.80000603,3678,3642,2959,683,5.02388797364086,4605.6164195497,2.84980779791323,43.9737397034596,2209.05372872148,11.9466666666667,0.98,0.303333333333333,3.31333333333333,0.0466666666666667,4.57333333333333,1.54,1.21333333333333,0,0,4,10.9666666666667
"54",20,"CameraAccessory",4062820,3655,3573,2727,846,6.68709767702211,2140.67422334173,2.8869297509096,45.9966778617408,1126.65519171565,11.9466666666667,0.98,0.303333333333333,3.31333333333333,0.0466666666666667,4.57333333333333,1.54,1.21333333333333,0,0,5,10.9666666666667
"55",20,"GamingAccessory",2238710.5,3114,3048,2539,509,6.35236220472441,1664.59547244094,2.58202099737533,41.9666338582677,716.770177165354,11.9466666666667,0.98,0.303333333333333,3.31333333333333,0.0466666666666667,4.57333333333333,1.54,1.21333333333333,0,0,5,10.9666666666667
"56",20,"HomeAudio",3990879,2026,2004,1581,423,6.74201596806387,3388.05439121756,2.45708582834331,33.7671856287425,1980.05489021956,11.9466666666667,0.98,0.303333333333333,3.31333333333333,0.0466666666666667,4.57333333333333,1.54,1.21333333333333,0,0,5,10.9666666666667
"57",21,"CameraAccessory",3879267.00108554,3173,3075,2353,722,6.17983739837398,2345.92390243902,2.88260162601626,45.597925203252,1239.96650441806,11.9466666666667,0.98,0.303333333333333,3.31333333333333,0.0466666666666667,4.57333333333333,1.54,1.21333333333333,0,0,0,10.9666666666667
"58",21,"GamingAccessory",2061211,2632,2544,2134,410,5.80070754716981,1804.8215408805,2.67059748427673,42.8078066037736,781.21108490566,11.9466666666667,0.98,0.303333333333333,3.31333333333333,0.0466666666666667,4.57333333333333,1.54,1.21333333333333,0,0,0,10.9666666666667
"59",21,"HomeAudio",3970918.5,1861,1845,1515,330,5.98157181571816,3752.2487804878,2.68021680216802,34.6411544715447,2141.60352303523,11.9466666666667,0.98,0.303333333333333,3.31333333333333,0.0466666666666667,4.57333333333333,1.54,1.21333333333333,0,0,0,10.9666666666667
"60",22,"CameraAccessory",5118381,3387,3312,2549,763,6.48490338164251,2724.02234299517,2.96618357487923,42.575422705314,1532.22463768116,13.681935483871,1.0141935483871,0.36,4.66903225806452,0.0754838709677419,4.6458064516129,1.53935483870968,1.40129032258065,0,0,0,10.8774193548387
"61",22,"GamingAccessory",2771691,3898,3775,3112,663,5.93377483443709,1943.36503311258,2.69748344370861,44.6628264900662,719.914437086093,13.681935483871,1.0141935483871,0.36,4.66903225806452,0.0754838709677419,4.6458064516129,1.53935483870968,1.40129032258065,0,0,0,10.8774193548387
"62",22,"HomeAudio",3848515.5,1947,1931,1553,378,6.44432936302434,3223.29000517866,2.55567063697566,33.4441066804764,1982.93966856551,13.681935483871,1.0141935483871,0.36,4.66903225806452,0.0754838709677419,4.6458064516129,1.53935483870968,1.40129032258065,0,0,0,10.8774193548387
"63",23,"CameraAccessory",5650250,3694,3614,2738,876,6.26425013835086,2728.49889319314,2.91837299391256,44.8979690094079,1547.06115107914,24.0935483870968,1.21935483870968,0.7,12.8032258064516,0.248387096774194,5.08064516129032,1.53548387096774,2.52903225806452,0,0,0,10.341935483871
"64",23,"GamingAccessory",2941866,3700,3602,3053,549,5.96557468073293,1816.09078289839,2.69183786785119,42.4766851749028,800.906440866185,24.0935483870968,1.21935483870968,0.7,12.8032258064516,0.248387096774194,5.08064516129032,1.53548387096774,2.52903225806452,0,0,0,10.341935483871
"65",23,"HomeAudio",5183816.99136042,2461,2436,1994,442,5.3427750410509,4354.67775041051,2.96305418719212,43.2222331691297,2114.16707362907,24.0935483870968,1.21935483870968,0.7,12.8032258064516,0.248387096774194,5.08064516129032,1.53548387096774,2.52903225806452,0,0,0,10.341935483871
"66",24,"CameraAccessory",5686581,4139,4039,3054,985,6.11834612527853,2531.31963357267,2.77915325575638,46.9516390195593,1393.40554592721,24.0935483870968,1.21935483870968,0.7,12.8032258064516,0.248387096774194,5.08064516129032,1.53548387096774,2.52903225806452,0,0,0,10.341935483871
"67",24,"GamingAccessory",3172071.50018525,4022,3889,3189,700,5.61609668295192,1735.08254049884,2.74569298020057,44.4316996657238,796.146310153061,24.0935483870968,1.21935483870968,0.7,12.8032258064516,0.248387096774194,5.08064516129032,1.53548387096774,2.52903225806452,0,0,0,10.341935483871
"68",24,"HomeAudio",6194838.42437545,2821,2804,2330,474,5.2867332382311,4474.35984308131,2.95791726105564,43.3210948644793,2199.22804007684,24.0935483870968,1.21935483870968,0.7,12.8032258064516,0.248387096774194,5.08064516129032,1.53548387096774,2.52903225806452,0,0,0,10.341935483871
"69",25,"CameraAccessory",5647994,4059,3947,2934,1013,6.62452495566253,2492.73777552572,2.89029642766658,45.1361565746136,1415.28680010134,24.0935483870968,1.21935483870968,0.7,12.8032258064516,0.248387096774194,5.08064516129032,1.53548387096774,2.52903225806452,0,0,0,10.341935483871
"70",25,"GamingAccessory",3169737,4333,4197,3516,681,6.32666190135811,1769.98808672862,2.67905646890636,48.1427376697641,737.944166468112,24.0935483870968,1.21935483870968,0.7,12.8032258064516,0.248387096774194,5.08064516129032,1.53548387096774,2.52903225806452,0,0,0,10.341935483871
"71",25,"HomeAudio",5363695,2528,2517,2043,474,5.94278903456496,4018.6428287644,2.73778307508939,39.0898331346841,2123.48827969805,24.0935483870968,1.21935483870968,0.7,12.8032258064516,0.248387096774194,5.08064516129032,1.53548387096774,2.52903225806452,0,0,0,10.341935483871
"72",26,"CameraAccessory",5783364,3958,3850,2812,1038,6.50909090909091,2612.77064935065,2.89792207792208,45.6746285714286,1484.89155844156,24.0935483870968,1.21935483870968,0.7,12.8032258064516,0.248387096774194,5.08064516129032,1.53548387096774,2.52903225806452,0,0,5,10.341935483871
"73",26,"GamingAccessory",3736602,5221,5008,4238,770,5.68610223642172,1800.28055111821,2.6473642172524,51.8674141373802,727.859657880724,24.0935483870968,1.21935483870968,0.7,12.8032258064516,0.248387096774194,5.08064516129032,1.53548387096774,2.52903225806452,0,0,5,10.341935483871
"74",26,"HomeAudio",5966748,2683,2659,2139,520,5.22865738999624,4225.70327190673,2.64986837156826,40.0129973674314,2230.80782248966,24.0935483870968,1.21935483870968,0.7,12.8032258064516,0.248387096774194,5.08064516129032,1.53548387096774,2.52903225806452,0,0,5,10.341935483871
"75",27,"CameraAccessory",5165883,4522,4375,3422,953,6.16342857142857,2047.83131428571,2.87017142857143,45.1765188571429,1160.2256,18.8516129032258,1.05806451612903,0.280645161290323,4.33548387096774,0.216129032258065,5.14516129032258,1.63225806451613,1.4,0.435483870967742,4.37096774193548,5,10.5516129032258
"76",27,"GamingAccessory",3233205,4051,3932,3281,651,5.93514750762971,2467.27110885046,2.70778229908444,47.2692700915565,803.233468972533,18.8516129032258,1.05806451612903,0.280645161290323,4.33548387096774,0.216129032258065,5.14516129032258,1.63225806451613,1.4,0.435483870967742,4.37096774193548,5,10.5516129032258
"77",27,"HomeAudio",5127150,2458,2438,1996,442,5.9622641509434,3519.15586546349,2.53322395406071,34.225623461854,2092.15299425759,18.8516129032258,1.05806451612903,0.280645161290323,4.33548387096774,0.216129032258065,5.14516129032258,1.63225806451613,1.4,0.435483870967742,4.37096774193548,5,10.5516129032258
"78",28,"CameraAccessory",4756888,5143,5025,4071,954,5.96995024875622,1758.55960199005,2.85930348258706,49.2417014925373,932.030049751244,16.7548387096774,0.993548387096774,0.112903225806452,0.948387096774194,0.203225806451613,5.17096774193548,1.67096774193548,0.948387096774194,0.609677419354839,6.11935483870968,0,10.6354838709677
"79",28,"GamingAccessory",3239347,4464,4336,3644,692,5.8279520295203,3048.87845940959,2.82864391143911,48.2288145756458,733.916743542435,16.7548387096774,0.993548387096774,0.112903225806452,0.948387096774194,0.203225806451613,5.17096774193548,1.67096774193548,0.948387096774194,0.609677419354839,6.11935483870968,0,10.6354838709677
"80",28,"HomeAudio",7020586,3313,3303,2828,475,4.77111716621253,4539.24159854678,2.96185286103542,45.2319891008174,2120.60096881623,16.7548387096774,0.993548387096774,0.112903225806452,0.948387096774194,0.203225806451613,5.17096774193548,1.67096774193548,0.948387096774194,0.609677419354839,6.11935483870968,0,10.6354838709677
"81",29,"CameraAccessory",4255157,3950,3855,3041,814,6.67367055771725,2013.96601815824,2.66796368352789,48.776075226978,1091.78391699092,16.7548387096774,0.993548387096774,0.112903225806452,0.948387096774194,0.203225806451613,5.17096774193548,1.67096774193548,0.948387096774194,0.609677419354839,6.11935483870968,0,10.6354838709677
"82",29,"GamingAccessory",2948076,3848,3753,3117,636,5.96749267252864,1840.2344790834,2.57633892885691,43.5960325073275,770.587796429523,16.7548387096774,0.993548387096774,0.112903225806452,0.948387096774194,0.203225806451613,5.17096774193548,1.67096774193548,0.948387096774194,0.609677419354839,6.11935483870968,0,10.6354838709677
"83",29,"HomeAudio",4558376,2161,2148,1759,389,5.72346368715084,3901.47579143389,2.85335195530726,37.5445344506518,2110.66294227188,16.7548387096774,0.993548387096774,0.112903225806452,0.948387096774194,0.203225806451613,5.17096774193548,1.67096774193548,0.948387096774194,0.609677419354839,6.11935483870968,0,10.6354838709677
"84",30,"CameraAccessory",6292271,4953,4851,3635,1216,6.49721706864564,2238.0830756545,2.76829519686663,47.469859822717,1285.21572871573,16.7548387096774,0.993548387096774,0.112903225806452,0.948387096774194,0.203225806451613,5.17096774193548,1.67096774193548,0.948387096774194,0.609677419354839,6.11935483870968,3,10.6354838709677
"85",30,"GamingAccessory",4427223.29756879,5330,5128,4049,1079,6.1103744149766,2478.76482059282,2.8765600624025,46.381899375975,836.829746574356,16.7548387096774,0.993548387096774,0.112903225806452,0.948387096774194,0.203225806451613,5.17096774193548,1.67096774193548,0.948387096774194,0.609677419354839,6.11935483870968,3,10.6354838709677
"86",30,"HomeAudio",5413464.34010856,2609,2574,2030,544,5.88189588189588,3841.80963480963,2.73659673659674,39.2804234654235,2073.35181042713,16.7548387096774,0.993548387096774,0.112903225806452,0.948387096774194,0.203225806451613,5.17096774193548,1.67096774193548,0.948387096774194,0.609677419354839,6.11935483870968,3,10.6354838709677
"87",31,"CameraAccessory",4723935,3693,3621,2848,773,6.49461474730737,2231.39768019884,2.69566418116542,44.0071830985915,1294.28831814416,15.4034562211982,0.895391705069124,0.216359447004608,1.513133640553,0.188018433179723,5.11497695852534,1.65783410138249,1.02741935483871,0.435483870967742,4.37096774193548,2,11.1896313364055
"88",31,"GamingAccessory",2832517.75013774,3518,3426,2795,631,5.87711617046118,1675.83099824869,2.75394045534151,43.5315995329831,809.756786379959,15.4034562211982,0.895391705069124,0.216359447004608,1.513133640553,0.188018433179723,5.11497695852534,1.65783410138249,1.02741935483871,0.435483870967742,4.37096774193548,2,11.1896313364055
"89",31,"HomeAudio",5154007,2408,2389,1977,412,5.53160318124738,3942.14692339891,2.75136040184177,37.9703097530347,2146.01004604437,15.4034562211982,0.895391705069124,0.216359447004608,1.513133640553,0.188018433179723,5.11497695852534,1.65783410138249,1.02741935483871,0.435483870967742,4.37096774193548,2,11.1896313364055
"90",32,"CameraAccessory",5252284,5631,5475,4347,1128,6.39890410958904,1848.43780821918,2.76073059360731,51.0075926940639,945.917442922374,12.025,0.65,0.475,2.925,0.15,4.975,1.625,1.225,0,0,3,12.575
"91",32,"GamingAccessory",2990488.60077901,4221,4089,3364,725,5.99266324284666,1409.79163609685,2.61824406945463,45.2943898263634,716.406326105571,12.025,0.65,0.475,2.925,0.15,4.975,1.625,1.225,0,0,3,12.575
"92",32,"HomeAudio",6929333,3273,3254,2733,521,4.94283958205286,4176.79778733866,2.84818684695759,41.9474185617701,2123.90104486786,12.025,0.65,0.475,2.925,0.15,4.975,1.625,1.225,0,0,3,12.575
"93",33,"CameraAccessory",4449090,3857,3736,2909,827,6.36857601713062,2102.09689507495,2.671573875803,45.6240551391863,1168.52141327623,12.025,0.65,0.475,2.925,0.15,4.975,1.625,1.225,0,0,2,12.575
"94",33,"GamingAccessory",2892581.80027548,4187,4096,3357,739,5.62109375,1709.77465820312,2.65478515625,48.0036865234375,692.959912176631,12.025,0.65,0.475,2.925,0.15,4.975,1.625,1.225,0,0,2,12.575
"95",33,"HomeAudio",4556397,2223,2203,1794,409,5.44121652292329,3692.23286427599,2.8161597821153,37.4525374489333,2054.85111211984,12.025,0.65,0.475,2.925,0.15,4.975,1.625,1.225,0,0,2,12.575
"96",34,"CameraAccessory",6365791,6536,6363,4958,1405,6.33883388338834,1866.93870815653,2.72654408297973,47.7527502750275,987.680700927236,12.025,0.65,0.475,2.925,0.15,4.975,1.625,1.225,0,0,2,12.575
"97",34,"GamingAccessory",3756734.57616878,5973,5770,4724,1046,5.52131715771231,1885.61057192374,2.78890814558059,50.678,627.644054171396,12.025,0.65,0.475,2.925,0.15,4.975,1.625,1.225,0,0,2,12.575
"98",34,"HomeAudio",6364258,3002,2983,2434,549,5.20717398592021,4053.57525980556,2.72343278578612,41.0492893060677,2127.0460945357,12.025,0.65,0.475,2.925,0.15,4.975,1.625,1.225,0,0,2,12.575
"99",35,"CameraAccessory",4911781,5884,5785,4681,1104,6.2713915298185,1749.6551426102,2.3742437337943,53.7263716508211,841.936387208297,13.5329493087558,0.857142857142857,0.474884792626728,3.84907834101382,0.14147465437788,4.85783410138249,1.59285714285714,1.21774193548387,0.0290322580645161,0.512903225806452,0,12.3592165898618
"100",35,"GamingAccessory",3206139.35018342,4934,4820,4035,785,6.02738589211618,1358.74253112033,2.54751037344398,48.9265373443983,652.761421199879,13.5329493087558,0.857142857142857,0.474884792626728,3.84907834101382,0.14147465437788,4.85783410138249,1.59285714285714,1.21774193548387,0.0290322580645161,0.512903225806452,0,12.3592165898618
"101",35,"HomeAudio",5282624,2486,2476,2023,453,5.85218093699515,3629.18416801292,2.69426494345719,35.5090387722132,2129.43497576737,13.5329493087558,0.857142857142857,0.474884792626728,3.84907834101382,0.14147465437788,4.85783410138249,1.59285714285714,1.21774193548387,0.0290322580645161,0.512903225806452,0,12.3592165898618
"102",36,"CameraAccessory",6048491.00273985,5512,5358,4014,1344,6.08883911907428,1997.44680851064,2.64539007092199,46.9762131392311,1109.60862279083,22.5806451612903,2.1,0.474193548387097,9.39354838709678,0.0903225806451613,4.15483870967742,1.4,1.1741935483871,0.203225806451613,3.59032258064516,0,11.0645161290323
"103",36,"GamingAccessory",3963974.63834705,5588,5436,4428,1008,5.70474613686534,1326.08462104489,2.50754231052244,48.369808682855,710.227828006505,22.5806451612903,2.1,0.474193548387097,9.39354838709678,0.0903225806451613,4.15483870967742,1.4,1.1741935483871,0.203225806451613,3.59032258064516,0,11.0645161290323
"104",36,"HomeAudio",5590464,2647,2629,2070,559,5.64168885507798,3661.49638645873,2.67782426778243,35.9793153290224,2115.72898440472,22.5806451612903,2.1,0.474193548387097,9.39354838709678,0.0903225806451613,4.15483870967742,1.4,1.1741935483871,0.203225806451613,3.59032258064516,0,11.0645161290323
"105",37,"CameraAccessory",6002815,5439,5309,3883,1426,6.18327368619326,2148.68600489734,2.57995856093426,50.8434036541722,1119.15991712187,22.5806451612903,2.1,0.474193548387097,9.39354838709678,0.0903225806451613,4.15483870967742,1.4,1.1741935483871,0.203225806451613,3.59032258064516,0,11.0645161290323
"106",37,"GamingAccessory",3761148.25432199,4768,4647,3622,1025,5.55498170862922,1420.0083925113,2.64471702173445,46.600570260383,792.525871407068,22.5806451612903,2.1,0.474193548387097,9.39354838709678,0.0903225806451613,4.15483870967742,1.4,1.1741935483871,0.203225806451613,3.59032258064516,0,11.0645161290323
"107",37,"HomeAudio",6031257,2802,2789,2140,649,5.44998207242739,3788.43456435999,2.72032986733596,38.2392470419505,2154.08103262818,22.5806451612903,2.1,0.474193548387097,9.39354838709678,0.0903225806451613,4.15483870967742,1.4,1.1741935483871,0.203225806451613,3.59032258064516,0,11.0645161290323
"108",38,"CameraAccessory",4424920,4733,4641,3575,1066,6.02585649644473,1944.66214177979,2.47877612583495,53.3252079293256,942.566580478345,22.5806451612903,2.1,0.474193548387097,9.39354838709678,0.0903225806451613,4.15483870967742,1.4,1.1741935483871,0.203225806451613,3.59032258064516,0,11.0645161290323
"109",38,"GamingAccessory",3030689.7501992,3488,3352,2687,665,5.83293556085919,1470.85650357995,2.67601431980907,41.3622434367542,873.691751252746,22.5806451612903,2.1,0.474193548387097,9.39354838709678,0.0903225806451613,4.15483870967742,1.4,1.1741935483871,0.203225806451613,3.59032258064516,0,11.0645161290323
"110",38,"HomeAudio",4672120,2317,2297,1853,444,5.33347845015237,3450.97910317806,2.54810622551154,36.2955898998694,2026.0792337832,22.5806451612903,2.1,0.474193548387097,9.39354838709678,0.0903225806451613,4.15483870967742,1.4,1.1741935483871,0.203225806451613,3.59032258064516,0,11.0645161290323
"111",39,"CameraAccessory",4389839,4886,4787,3169,1618,5.7883852099436,1704.98433256737,2.50699811990808,48.9877438897013,906.940045957802,22.5806451612903,2.1,0.474193548387097,9.39354838709678,0.0903225806451613,4.15483870967742,1.4,1.1741935483871,0.203225806451613,3.59032258064516,0,11.0645161290323
"112",39,"GamingAccessory",3309862.00213367,3333,3244,2172,1072,5.94790382244143,1657.75955610358,2.60511713933416,41.4986806411837,1000.61097432528,22.5806451612903,2.1,0.474193548387097,9.39354838709678,0.0903225806451613,4.15483870967742,1.4,1.1741935483871,0.203225806451613,3.59032258064516,0,11.0645161290323
"113",39,"HomeAudio",3597956,1899,1874,1276,598,5.7230522945571,3085.74599786553,2.61152614727855,33.1861953041622,1906.24599786553,22.5806451612903,2.1,0.474193548387097,9.39354838709678,0.0903225806451613,4.15483870967742,1.4,1.1741935483871,0.203225806451613,3.59032258064516,0,11.0645161290323
"114",40,"CameraAccessory",5092818.00478372,5517,5380,2107,3273,5.69368029739777,1779.44014869888,2.50669144981413,50.4975780669145,934.699458565921,15.9182795698925,1.46666666666667,0.285483870967742,6.73387096774194,0.0258064516129032,3.93709677419355,1.35,1.03548387096774,0.0580645161290323,1.0258064516129,0,11.794623655914
"115",40,"GamingAccessory",3381607.00130547,3513,3393,1259,2134,5.77335691128795,1601.23636899499,2.60536398467433,41.5965988800472,966.873268683803,15.9182795698925,1.46666666666667,0.285483870967742,6.73387096774194,0.0258064516129032,3.93709677419355,1.35,1.03548387096774,0.0580645161290323,1.0258064516129,0,11.794623655914
"116",40,"HomeAudio",3703510,1844,1823,720,1103,5.40647284695557,3346.94679100384,2.72956664838179,34.7598134942403,2014.04443225453,15.9182795698925,1.46666666666667,0.285483870967742,6.73387096774194,0.0258064516129032,3.93709677419355,1.35,1.03548387096774,0.0580645161290323,1.0258064516129,0,11.794623655914
"117",41,"CameraAccessory",5030860,5453,5350,168,5182,5.92186915887851,1932.19906542056,2.42728971962617,53.2858242990654,930.437757009346,13.2533333333333,1.21333333333333,0.21,5.67,0,3.85,1.33,0.98,0,0,0,12.0866666666667
"118",41,"GamingAccessory",3486850.00053427,3341,3255,145,3110,6.14500768049155,1697.27834101382,2.57388632872504,40.7336129032258,1049.60998469373,13.2533333333333,1.21333333333333,0.21,5.67,0,3.85,1.33,0.98,0,0,0,12.0866666666667
"119",41,"HomeAudio",3483260,1667,1656,53,1603,5.93538647342995,3342.4365942029,2.66183574879227,33.1320652173913,2089.43115942029,13.2533333333333,1.21333333333333,0.21,5.67,0,3.85,1.33,0.98,0,0,0,12.0866666666667
"120",42,"CameraAccessory",4065216,4360,4273,173,4100,5.78048209688743,1849.79499180903,2.4856073016616,52.9252703018956,938.388485841329,13.2533333333333,1.21333333333333,0.21,5.67,0,3.85,1.33,0.98,0,0,0,12.0866666666667
"121",42,"GamingAccessory",2827415,2925,2846,125,2721,5.91777933942375,1696.34750527056,2.56921995783556,44.4330920590302,975.25464980089,13.2533333333333,1.21333333333333,0.21,5.67,0,3.85,1.33,0.98,0,0,0,12.0866666666667
"122",42,"HomeAudio",2830256,1336,1319,65,1254,5.66489764973465,3461.17361637604,2.61485974222896,34.2427748294162,2136.05989385898,13.2533333333333,1.21333333333333,0.21,5.67,0,3.85,1.33,0.98,0,0,0,12.0866666666667
"123",43,"CameraAccessory",2021278,1980,1949,111,1838,4.76552077988712,2072.32478193946,2.59363776295536,52.5718624935865,1029.08465879938,13.2533333333333,1.21333333333333,0.21,5.67,0,3.85,1.33,0.98,0,0,0,12.0866666666667
"124",43,"GamingAccessory",1436873,1674,1595,113,1482,4.57680250783699,1530.38495297806,2.3448275862069,46.0110282131661,870.955172413793,13.2533333333333,1.21333333333333,0.21,5.67,0,3.85,1.33,0.98,0,0,0,12.0866666666667
"125",43,"HomeAudio",1480405,647,607,48,559,4.71993410214168,3921.07742998353,2.84514003294893,34.1751235584844,2387.83690280066,13.2533333333333,1.21333333333333,0.21,5.67,0,3.85,1.33,0.98,0,0,0,12.0866666666667
"126",44,"CameraAccessory",9392756,9657,9478,4538,4940,6.2986917071112,1964.62882464655,2.58809875501161,54.3577463599916,980.843321375818,15.1313978494624,0.828817204301075,0.19741935483871,6.30774193548387,0.0774193548387097,4.49354838709677,1.41806451612903,1.22774193548387,0.106451612903226,0.483870967741935,0,11.4840860215054
"127",44,"GamingAccessory",6138071,6937,6775,3078,3697,6.31675276752768,1655.66479704797,2.43380073800738,45.7199173431734,893.549372693727,15.1313978494624,0.828817204301075,0.19741935483871,6.30774193548387,0.0774193548387097,4.49354838709677,1.41806451612903,1.22774193548387,0.106451612903226,0.483870967741935,0,11.4840860215054
"128",44,"HomeAudio",6539581,3274,3224,1524,1700,5.92586848635236,3370.50651364764,2.64671215880893,36.3259491315136,2012.15260545906,15.1313978494624,0.828817204301075,0.19741935483871,6.30774193548387,0.0774193548387097,4.49354838709677,1.41806451612903,1.22774193548387,0.106451612903226,0.483870967741935,0,11.4840860215054
"129",45,"CameraAccessory",5433818,6112,5987,4737,1250,5.78854184065475,1859.05495239686,2.43895106063137,56.6549373642893,895.19592450309,17.6354838709677,0.316129032258064,0.180645161290323,7.15806451612903,0.180645161290323,5.35161290322581,1.53548387096774,1.55806451612903,0.248387096774194,1.12903225806452,0,10.6806451612903
"130",45,"GamingAccessory",3575879,3869,3786,3106,680,5.81959852086635,1795.94796619123,2.43343898573693,46.2018647649234,930.234548335975,17.6354838709677,0.316129032258064,0.180645161290323,7.15806451612903,0.180645161290323,5.35161290322581,1.53548387096774,1.55806451612903,0.248387096774194,1.12903225806452,0,10.6806451612903
"131",45,"HomeAudio",3850138,1879,1870,1472,398,5.20641711229946,3352.51016042781,2.57807486631016,34.8458930481283,2054.76898395722,17.6354838709677,0.316129032258064,0.180645161290323,7.15806451612903,0.180645161290323,5.35161290322581,1.53548387096774,1.55806451612903,0.248387096774194,1.12903225806452,0,10.6806451612903
"132",46,"CameraAccessory",5328460,5793,5665,4454,1211,5.72992056487202,1920.85825242718,2.4801412180053,55.7788843777582,930.269020300088,17.6354838709677,0.316129032258064,0.180645161290323,7.15806451612903,0.180645161290323,5.35161290322581,1.53548387096774,1.55806451612903,0.248387096774194,1.12903225806452,0,10.6806451612903
"133",46,"GamingAccessory",3687429.25026399,4628,4509,3775,734,5.6686626746507,1603.10246174318,2.25748502994012,50.360796185407,800.898259096028,17.6354838709677,0.316129032258064,0.180645161290323,7.15806451612903,0.180645161290323,5.35161290322581,1.53548387096774,1.55806451612903,0.248387096774194,1.12903225806452,0,10.6806451612903
"134",46,"HomeAudio",3763148,1820,1799,1444,355,5.2295719844358,3379.77376320178,2.66536964980545,33.4214897165092,2081.51195108394,17.6354838709677,0.316129032258064,0.180645161290323,7.15806451612903,0.180645161290323,5.35161290322581,1.53548387096774,1.55806451612903,0.248387096774194,1.12903225806452,0,10.6806451612903
"135",47,"CameraAccessory",5704683,5252,5102,4014,1088,5.50117600940808,2053.7518620149,2.53194825558604,53.966017248138,1100.95883967072,17.6354838709677,0.316129032258064,0.180645161290323,7.15806451612903,0.180645161290323,5.35161290322581,1.53548387096774,1.55806451612903,0.248387096774194,1.12903225806452,0,10.6806451612903
"136",47,"GamingAccessory",3770721.5,4646,4526,3763,763,5.60870525850641,1670.21542200619,2.18868758285462,50.5748961555457,820.487847989395,17.6354838709677,0.316129032258064,0.180645161290323,7.15806451612903,0.180645161290323,5.35161290322581,1.53548387096774,1.55806451612903,0.248387096774194,1.12903225806452,0,10.6806451612903
"137",47,"HomeAudio",3318131,1578,1567,1241,326,5.06828334396937,3340.89087428207,2.72941927249521,33.2314550095724,2105.60242501595,17.6354838709677,0.316129032258064,0.180645161290323,7.15806451612903,0.180645161290323,5.35161290322581,1.53548387096774,1.55806451612903,0.248387096774194,1.12903225806452,0,10.6806451612903
"138",48,"CameraAccessory",7527885,6633,6496,4924,1572,5.62176724137931,2219.40763546798,2.45782019704433,54.3944427339901,1148.54656711823,17.6354838709677,0.316129032258064,0.180645161290323,7.15806451612903,0.180645161290323,5.35161290322581,1.53548387096774,1.55806451612903,0.248387096774194,1.12903225806452,3,10.6806451612903
"139",48,"GamingAccessory",4664932.00062765,5089,4986,3954,1032,5.57841957480947,1733.62815884477,2.1911351784998,47.5758523866827,915.980946776505,17.6354838709677,0.316129032258064,0.180645161290323,7.15806451612903,0.180645161290323,5.35161290322581,1.53548387096774,1.55806451612903,0.248387096774194,1.12903225806452,3,10.6806451612903
"140",48,"HomeAudio",3802189,1726,1710,1324,386,4.41169590643275,3663.80058479532,2.64678362573099,35.6533859649123,2217.68538011696,17.6354838709677,0.316129032258064,0.180645161290323,7.15806451612903,0.180645161290323,5.35161290322581,1.53548387096774,1.55806451612903,0.248387096774194,1.12903225806452,3,10.6806451612903
"141",49,"CameraAccessory",4363843,5401,5288,4227,1061,5.89315431164902,1697.72484871407,2.41490166414523,55.8273146747352,814.782337367625,9.98666666666667,0.396666666666667,0.326666666666667,5.83333333333333,0,1.86666666666667,0.653333333333333,0.863333333333333,0,0,0,11.7833333333333
"142",49,"GamingAccessory",3767194.91703704,4170,4057,3251,806,5.68079861966971,1626.53980773971,2.25486812915948,44.8280527483362,914.964895881833,9.98666666666667,0.396666666666667,0.326666666666667,5.83333333333333,0,1.86666666666667,0.653333333333333,0.863333333333333,0,0,0,11.7833333333333
"143",49,"HomeAudio",3664423,1713,1705,1361,344,5.28035190615836,3446.54134897361,2.69853372434018,32.5153607038123,2144.37712609971,9.98666666666667,0.396666666666667,0.326666666666667,5.83333333333333,0,1.86666666666667,0.653333333333333,0.863333333333333,0,0,0,11.7833333333333
"144",50,"CameraAccessory",4670448,5418,5254,4207,1047,5.81785306433194,1806.18138561096,2.42386752950133,55.9167853064332,873.62676056338,9.98666666666667,0.396666666666667,0.326666666666667,5.83333333333333,0,1.86666666666667,0.653333333333333,0.863333333333333,0,0,0,11.7833333333333
"145",50,"GamingAccessory",3424047,3879,3748,3078,670,5.73852721451441,1587.15288153682,2.22972251867663,45.2045784418356,890.229544646033,9.98666666666667,0.396666666666667,0.326666666666667,5.83333333333333,0,1.86666666666667,0.653333333333333,0.863333333333333,0,0,0,11.7833333333333
"146",50,"HomeAudio",3708963,1737,1720,1373,347,5.68720930232558,3297.725,2.63779069767442,30.0803255813953,2141.93662790698,9.98666666666667,0.396666666666667,0.326666666666667,5.83333333333333,0,1.86666666666667,0.653333333333333,0.863333333333333,0,0,0,11.7833333333333
"147",51,"CameraAccessory",4679240,4605,4476,3586,890,5.72497765862377,1928.60277033065,2.57059874888293,52.4703976764969,1029.23614834674,9.98666666666667,0.396666666666667,0.326666666666667,5.83333333333333,0,1.86666666666667,0.653333333333333,0.863333333333333,0,0,0,11.7833333333333
"148",51,"GamingAccessory",3339800,3700,3574,2890,684,5.86457750419698,1653.19250139899,2.23838836038053,44.58875769446,911.756855064354,9.98666666666667,0.396666666666667,0.326666666666667,5.83333333333333,0,1.86666666666667,0.653333333333333,0.863333333333333,0,0,0,11.7833333333333
"149",51,"HomeAudio",3622205,1655,1621,1245,376,5.04565083281925,3326.59037631092,2.77051202961135,28.7753608883405,2213.40098704503,9.98666666666667,0.396666666666667,0.326666666666667,5.83333333333333,0,1.86666666666667,0.653333333333333,0.863333333333333,0,0,0,11.7833333333333
"150",52,"CameraAccessory",3738924,3370,3270,2520,750,6.16391437308869,1996.84067278287,2.61192660550459,47.966871559633,1129.49480122324,9.98666666666667,0.396666666666667,0.326666666666667,5.83333333333333,0,1.86666666666667,0.653333333333333,0.863333333333333,0,0,0,11.7833333333333
"151",52,"GamingAccessory",3023441.25034771,3221,3098,2519,579,5.79728857327308,1977.68173014848,2.28534538411879,42.4071433182699,944.716187975373,9.98666666666667,0.396666666666667,0.326666666666667,5.83333333333333,0,1.86666666666667,0.653333333333333,0.863333333333333,0,0,0,11.7833333333333
"152",52,"HomeAudio",3087636,1342,1328,1054,274,4.43222891566265,3607.49924698795,2.65135542168675,29.067093373494,2316.09186746988,9.98666666666667,0.396666666666667,0.326666666666667,5.83333333333333,0,1.86666666666667,0.653333333333333,0.863333333333333,0,0,0,11.7833333333333
"153",53,"CameraAccessory",1103767,951,921,753,168,5.56243213897937,2108.24755700326,2.61563517915309,50.2414875135722,1181.45711183496,2.85333333333333,0.113333333333333,0.0933333333333333,1.66666666666667,0,0.533333333333333,0.186666666666667,0.246666666666667,0,0,0,3.36666666666667
"154",53,"GamingAccessory",677072.750293772,698,682,558,124,4.82991202346041,1983.47507331378,2.36510263929619,40.7716568914956,979.014296618434,2.85333333333333,0.113333333333333,0.0933333333333333,1.66666666666667,0,0.533333333333333,0.186666666666667,0.246666666666667,0,0,0,3.36666666666667
"155",53,"HomeAudio",729182,328,320,264,56,3.846875,3443.675,2.521875,29.52596875,2229.215625,2.85333333333333,0.113333333333333,0.0933333333333333,1.66666666666667,0,0.533333333333333,0.186666666666667,0.246666666666667,0,0,0,3.36666666666667
